<?xml version="1.0" ?>
<manifest identifier="BW_KqFGNzz_X9KcWuvvg251_FO6fxJAivEvZqll8" version="1"
  xmlns="http://www.imsproject.org/xsd/imscp_rootv1p1p2"
  xmlns:adlcp="http://www.adlnet.org/xsd/adlcp_rootv1p2"
  xmlns:xsi="http://www.w3.org/2001/XMLSchema-instance"
  xsi:schemaLocation="http://www.imsproject.org/xsd/imscp_rootv1p1p2 imscp_rootv1p1p2.xsd
                      http://www.adlnet.org/xsd/adlcp_rootv1p2 adlcp_rootv1p2.xsd">
  <metadata>
    <schema>ADL SCORM</schema>
    <schemaversion>1.2</schemaversion>
    <adlcp:location>metadata.xml</adlcp:location>
  </metadata>
  <organizations default="articulate_rise">
      <organization identifier="articulate_rise">
      <title>Sustainability Training</title>
      <item identifier="i1" identifierref="r1" isvisible="true">
        <title>Sustainability Training</title>
        <adlcp:datafromlms>eyJjcHYiOiJ2RXZacWxsOCIsInJsZCI6ZmFsc2V9</adlcp:datafromlms>
      </item>
    </organization>
  </organizations>
  <resources>
    <resource identifier="r1" type="webcontent" adlcp:scormtype="sco" href="scormdriver/indexAPI.html">
      <!-- SCORMDRIVER STUFF -->
      <file href="scormdriver/indexAPI.html" />
      <file href="scormdriver/preloadIntegrity.js" />
      <file href="scormdriver/driverOptions.js" />
      <file href="scormdriver/AICCComm.html" />
      <file href="scormdriver/auto-scripts/AutoBookmark.js" />
      <file href="scormdriver/auto-scripts/AutoCompleteSCO.js" />
      <file href="scormdriver/auto-scripts/CourseExit.js" />
      <file href="scormdriver/blank.html" />
      <file href="scormdriver/goodbye.html" />
      <file href="scormdriver/scormdriver.js" />
      <file href="scormdriver/browsersniff.js" />

      <!-- RUNTIME COMMON STUFF -->
      <file href="scormcontent/index.html" />

      
        <file href="scormcontent/lib/fonts/icomoon.ttf"/>
        <file href="scormcontent/lib/fonts/icomoon.woff"/>

        <file href="scormcontent/lib/icomoon.css"/>
        <file href="scormcontent/lib/player-0.0.11.min.js"/>
        <file href="scormcontent/lib/lzwcompress.js"/>
      

      <!-- FRONTEND BUNDLE ASSETS -->
      <file href="scormcontent/lib/rise/abd498ab.js" />
<file href="scormcontent/lib/rise/b7e6275d.css" />
<file href="scormcontent/lib/rise/239c0655.js" />
<file href="scormcontent/lib/rise/80f36fc0.css" />
<file href="scormcontent/lib/rise/285d302e.js" />
<file href="scormcontent/lib/rise/d562e886.woff" />
<file href="scormcontent/lib/rise/d757c535.woff" />
<file href="scormcontent/lib/rise/db074fa2.woff" />
<file href="scormcontent/lib/rise/354501ba.woff" />
<file href="scormcontent/lib/rise/6fdf0ac5.woff" />
<file href="scormcontent/lib/rise/0c3b8929.woff" />
<file href="scormcontent/lib/rise/428978dc.woff" />
<file href="scormcontent/lib/rise/fd947498.woff" />
<file href="scormcontent/lib/rise/4f35fbcc.woff" />
<file href="scormcontent/lib/rise/3f07ed67.woff" />
<file href="scormcontent/lib/rise/96759856.woff" />
<file href="scormcontent/lib/rise/b9cd458a.woff" />
<file href="scormcontent/lib/rise/8d593cfa.woff" />
<file href="scormcontent/lib/rise/02271ec5.woff" />
<file href="scormcontent/lib/rise/073b3402.woff" />
<file href="scormcontent/lib/rise/0108e89c.woff" />
<file href="scormcontent/lib/rise/3a99e70a.woff" />
<file href="scormcontent/lib/rise/7947224e.woff" />
<file href="scormcontent/lib/rise/aeffd802.woff" />
<file href="scormcontent/lib/rise/4c6b94fd.woff" />
<file href="scormcontent/lib/rise/5ce3f37c.js" />
<file href="scormcontent/lib/rise/90ac3c0d.js" />
<file href="scormcontent/lib/rise/32d69820.js" />
<file href="scormcontent/lib/rise/2c5680f5.js" />
<file href="scormcontent/lib/mondrian/entry.js" />
<file href="scormcontent/lib/mondrian/cb77b9e0.js" />
<file href="scormcontent/lib/mondrian/5ac402cf.js" />
<file href="scormcontent/lib/mondrian/215fe725.js" />
<file href="scormcontent/lib/mondrian/c16e7dd3.js" />
<file href="scormcontent/lib/mondrian/5ebb90af.js" />
<file href="scormcontent/lib/mondrian/825dd797.js" />
<file href="scormcontent/lib/mondrian/beccd965.js" />
<file href="scormcontent/lib/mondrian/56ae9b9c.js" />


      <!-- RUNTIME CONTENT STUFF -->
      <file href="scormcontent/assets/6-a2j5ypecXQw2yj/player-interface.js" />
<file href="scormcontent/assets/5mvP2raapq3TSQPs/player-interface.js" />
<file href="scormcontent/assets/6-a2j5ypecXQw2yj/analytics-frame.html" />
<file href="scormcontent/assets/6-a2j5ypecXQw2yj/html5/data/css/output.min.css" />
<file href="scormcontent/assets/6-a2j5ypecXQw2yj/html5/data/js/6Kfkz5IQXcB.js" />
<file href="scormcontent/assets/6-a2j5ypecXQw2yj/html5/data/js/data.js" />
<file href="scormcontent/assets/6-a2j5ypecXQw2yj/html5/data/js/frame.js" />
<file href="scormcontent/assets/6-a2j5ypecXQw2yj/html5/data/js/paths.js" />
<file href="scormcontent/assets/6-a2j5ypecXQw2yj/html5/lib/scripts/bootstrapper.min.js" />
<file href="scormcontent/assets/6-a2j5ypecXQw2yj/html5/lib/scripts/frame.desktop.min.js" />
<file href="scormcontent/assets/6-a2j5ypecXQw2yj/html5/lib/scripts/frame.mobile.min.js" />
<file href="scormcontent/assets/6-a2j5ypecXQw2yj/html5/lib/scripts/slides.min.js" />
<file href="scormcontent/assets/6-a2j5ypecXQw2yj/html5/lib/stylesheets/desktop.min.css" />
<file href="scormcontent/assets/6-a2j5ypecXQw2yj/html5/lib/stylesheets/mobile-fonts/open-sans-bold.woff" />
<file href="scormcontent/assets/6-a2j5ypecXQw2yj/html5/lib/stylesheets/mobile-fonts/open-sans-light.woff" />
<file href="scormcontent/assets/6-a2j5ypecXQw2yj/html5/lib/stylesheets/mobile-fonts/open-sans-regular.woff" />
<file href="scormcontent/assets/6-a2j5ypecXQw2yj/html5/lib/stylesheets/mobile.min.css" />
<file href="scormcontent/assets/6-a2j5ypecXQw2yj/meta.xml" />
<file href="scormcontent/assets/6-a2j5ypecXQw2yj/mobile/5WSolCRPoP8_80_P_3_3_1875_1097.jpg" />
<file href="scormcontent/assets/6-a2j5ypecXQw2yj/mobile/5iN82RhgrTD_80_P_0_0_1794_1049.jpg" />
<file href="scormcontent/assets/6-a2j5ypecXQw2yj/mobile/5nZ8pSdhUgn_80_P_0_0_1885_1095.jpg" />
<file href="scormcontent/assets/6-a2j5ypecXQw2yj/mobile/60eGlq7SD8j_80_P_0_-5_2048_1198.jpg" />
<file href="scormcontent/assets/6-a2j5ypecXQw2yj/mobile/61RrbeDgaxl_80_P_187_0_1502_878.jpg" />
<file href="scormcontent/assets/6-a2j5ypecXQw2yj/mobile/63RNSknUq5p_80_P_0_0_2048_1200.jpg" />
<file href="scormcontent/assets/6-a2j5ypecXQw2yj/mobile/6DkhrM8eLYO_80_P_0_0_1967_1152.jpg" />
<file href="scormcontent/assets/6-a2j5ypecXQw2yj/mobile/6hKdpxg88vw.png" />
<file href="scormcontent/assets/6-a2j5ypecXQw2yj/mobile/Shape5kM4x0KdQs1.png" />
<file href="scormcontent/assets/6-a2j5ypecXQw2yj/mobile/Shape6GkOHiJaF4m.png" />
<file href="scormcontent/assets/6-a2j5ypecXQw2yj/mobile/Shape6Lq8y4AlT0p.png" />
<file href="scormcontent/assets/6-a2j5ypecXQw2yj/mobile/Shape6ZMKz983nFp.png" />
<file href="scormcontent/assets/6-a2j5ypecXQw2yj/mobile/Shape6bNGYOi6YLX.png" />
<file href="scormcontent/assets/6-a2j5ypecXQw2yj/mobile/Shape6jnSer9DiAn.png" />
<file href="scormcontent/assets/6-a2j5ypecXQw2yj/mobile/Shape6mYZ5IneIAK.png" />
<file href="scormcontent/assets/6-a2j5ypecXQw2yj/story.html" />
<file href="scormcontent/assets/6-a2j5ypecXQw2yj/story_content/thumbnail.jpg" />
<file href="scormcontent/assets/6-a2j5ypecXQw2yj/story_content/triggers.js" />
<file href="scormcontent/assets/6-a2j5ypecXQw2yj/story_content/user.js" />
<file href="scormcontent/assets/6-a2j5ypecXQw2yj/threeSixty.json" />
<file href="scormcontent/assets/5mvP2raapq3TSQPs/analytics-frame.html" />
<file href="scormcontent/assets/5mvP2raapq3TSQPs/html5/data/css/output.min.css" />
<file href="scormcontent/assets/5mvP2raapq3TSQPs/html5/data/js/5eDh7GBgcm2.js" />
<file href="scormcontent/assets/5mvP2raapq3TSQPs/html5/data/js/data.js" />
<file href="scormcontent/assets/5mvP2raapq3TSQPs/html5/data/js/frame.js" />
<file href="scormcontent/assets/5mvP2raapq3TSQPs/html5/data/js/paths.js" />
<file href="scormcontent/assets/5mvP2raapq3TSQPs/html5/lib/scripts/bootstrapper.min.js" />
<file href="scormcontent/assets/5mvP2raapq3TSQPs/html5/lib/scripts/frame.desktop.min.js" />
<file href="scormcontent/assets/5mvP2raapq3TSQPs/html5/lib/scripts/frame.mobile.min.js" />
<file href="scormcontent/assets/5mvP2raapq3TSQPs/html5/lib/scripts/slides.min.js" />
<file href="scormcontent/assets/5mvP2raapq3TSQPs/html5/lib/stylesheets/desktop.min.css" />
<file href="scormcontent/assets/5mvP2raapq3TSQPs/html5/lib/stylesheets/mobile-fonts/open-sans-bold.woff" />
<file href="scormcontent/assets/5mvP2raapq3TSQPs/html5/lib/stylesheets/mobile-fonts/open-sans-light.woff" />
<file href="scormcontent/assets/5mvP2raapq3TSQPs/html5/lib/stylesheets/mobile-fonts/open-sans-regular.woff" />
<file href="scormcontent/assets/5mvP2raapq3TSQPs/html5/lib/stylesheets/mobile.min.css" />
<file href="scormcontent/assets/5mvP2raapq3TSQPs/meta.xml" />
<file href="scormcontent/assets/5mvP2raapq3TSQPs/mobile/5pmKuwJbiHW.png" />
<file href="scormcontent/assets/5mvP2raapq3TSQPs/mobile/6QPKhROza5s.png" />
<file href="scormcontent/assets/5mvP2raapq3TSQPs/mobile/6ZmshursI3d.png" />
<file href="scormcontent/assets/5mvP2raapq3TSQPs/mobile/Shape6K3qPqqOfJ8.png" />
<file href="scormcontent/assets/5mvP2raapq3TSQPs/story.html" />
<file href="scormcontent/assets/5mvP2raapq3TSQPs/story_content/thumbnail.jpg" />
<file href="scormcontent/assets/5mvP2raapq3TSQPs/story_content/triggers.js" />
<file href="scormcontent/assets/5mvP2raapq3TSQPs/story_content/user.js" />
<file href="scormcontent/assets/5mvP2raapq3TSQPs/threeSixty.json" />
<file href="scormcontent/lib/fonts/Lato-Black.woff" />
<file href="scormcontent/lib/fonts/Lato-Italic.woff" />
<file href="scormcontent/lib/fonts/Lato-Bold.woff" />
<file href="scormcontent/lib/fonts/Lato-Regular.woff" />
<file href="scormcontent/lib/fonts/Lato-Light.woff" />
<file href="scormcontent/lib/fonts/Merriweather-Black.woff" />
<file href="scormcontent/lib/fonts/Merriweather-Italic.woff" />
<file href="scormcontent/lib/fonts/Merriweather-Bold.woff" />
<file href="scormcontent/lib/fonts/Merriweather-Regular.woff" />
<file href="scormcontent/lib/fonts/Merriweather-Light.woff" />
<file href="scormcontent/assets/csulEn2ilZwuqOZT.jpg" />
<file href="scormcontent/assets/AdobeStock_330910676.jpg" />
<file href="scormcontent/assets/1732158976.mp4" />
<file href="scormcontent/assets/1732158976.jpg" />
<file href="scormcontent/assets/video1.vtt" />
<file href="scormcontent/assets/AdobeStock_599066294.jpg" />
<file href="scormcontent/assets/story.html" />
<file href="scormcontent/assets/AdobeStock_64850582.jpg" />
<file href="scormcontent/assets/5PkFZv/story.html" />

      <file href="scormcontent/locales/und.js" />

    </resource>
  </resources>
</manifest>
